Country (all UNFCCC Parties),ISO Short,ISO Long,UNDP Region,UN Regional Group,UNSDG Region,LDC,SIDS,G20,NDC 3.0 Submitted,Submission Date,UNDP Support to NDC 3.0 development,UN System Support
Afghanistan,AF,AFG,RBAP,Asia-Pacific Group,Asia Pacific,Yes,,,,,,
Albania,AL,ALB,RBEC,Eastern European Group,Europe and Central Asia,,,,,,,
Algeria,DZ,DZA,RBAS,African Group,Africa,,,,,,,
Andorra,AD,AND,n/a,Western European and Others Group,n/a,,,,Submitted,February,,
Angola,AO,AGO,RBA,African Group,Africa,Yes,,,Submitted,September,Yes,Yes
Antigua and Barbuda,AG,ATG,RBLAC,Latin American and Caribbean Group,Latin America and the Caribbean,,Yes,,,,Yes,Yes
Argentina,AR,ARG,RBLAC,Latin American and Caribbean Group,Latin America and the Caribbean,,,Yes,,,Yes,Yes
Armenia,AM,ARM,RBEC,Eastern European Group,Europe and Central Asia,,,,,,Yes,Yes
Australia,AU,AUS,n/a,Western European and Others Group,n/a,,,Yes,Submitted,September,,
Austria,AT,AUT,n/a,Western European and Others Group,n/a,,,,Submitted,November,,
Azerbaijan,AZ,AZE,RBEC,Eastern European Group,Europe and Central Asia,,,,Submitted,November,,
Bahamas,BS,BHS,RBLAC,Latin American and Caribbean Group,Latin America and the Caribbean,,Yes,,Submitted,November,,
Bahrain,BH,BHR,RBAS,Asia-Pacific Group,Arab States,,,,Submitted,December,,
Bangladesh,BD,BGD,RBAP,Asia-Pacific Group,Asia Pacific,Yes,,,Submitted,September,Yes,Yes
Barbados,BB,BRB,RBLAC,Latin American and Caribbean Group,Latin America and the Caribbean,,Yes,,Submitted,August,Yes,Yes
Belarus,BY,BLR,RBEC,Eastern European Group,Europe and Central Asia,,,,Submitted,November,Yes,Yes
Belgium,BE,BEL,n/a,Western European and Others Group,n/a,,,,Submitted,November,,
Belize,BZ,BLZ,RBLAC,Latin American and Caribbean Group,Latin America and the Caribbean,,Yes,,Submitted,June,Yes,Yes
Benin,BJ,BEN,RBA,African Group,Africa,Yes,,,,,,
Bhutan,BT,BTN,RBAP,Asia-Pacific Group,Asia Pacific,,,,Submitted,November,Yes,Yes
Bolivia (Plurinational State of),BO,BOL,RBLAC,Latin American and Caribbean Group,Latin America and the Caribbean,,,,Submitted,September,Yes,Yes
Bosnia and Herzegovina,BA,BIH,RBEC,Eastern European Group,Europe and Central Asia,,,,,,Yes,Yes
Botswana,BW,BWA,RBA,African Group,Africa,,,,,,Yes,Yes
Brazil,BR,BRA,RBLAC,Latin American and Caribbean Group,Latin America and the Caribbean,,,Yes,Submitted,November 2024,,
Brunei Darussalam,BN,BRN,RBAP,Asia-Pacific Group,Asia Pacific,,,,Submitted,November,,
Bulgaria,BG,BGR,n/a,Eastern European Group,n/a,,,,Submitted,November,,
Burkina Faso,BF,BFA,RBA,African Group,Africa,Yes,,,,,Yes,Yes
Burundi,BI,BDI,RBA,African Group,Africa,Yes,,,Submitted,November,Yes,Yes
Cabo Verde,CV,CPV,RBA,African Group,Africa,,Yes,,Submitted,November,Yes,Yes
Cambodia,KH,KHM,RBAP,Asia-Pacific Group,Asia Pacific,Yes,,,Submitted,August,Yes,Yes
Cameroon,CM,CMR,RBA,African Group,Africa,,,,,,yes,Yes
Canada,CA,CAN,n/a,Western European and Others Group,n/a,,,Yes,Submitted,February,,
Central African Republic,CF,CAF,RBA,African Group,Africa,Yes,,,,,Yes,Yes
Chad,TD,TCD,RBA,African Group,Africa,Yes,,,,,Yes,Yes
Chile,CL,CHL,RBLAC,Latin American and Caribbean Group,Latin America and the Caribbean,,,,Submitted,September,Yes,Yes
China,CN,CHN,RBAP,Asia-Pacific Group,Asia Pacific,,,Yes,Submitted,November,,
Colombia,CO,COL,RBLAC,Latin American and Caribbean Group,Latin America and the Caribbean,,,,Submitted,November,Yes,Yes
Comoros,KM,COM,RBA,African Group,Africa,Yes,Yes,,,,Yes,Yes
Congo (Democratic Republic),CD,COD,RBA,African Group,Africa,Yes,,,,,0,Yes
Congo (Republic),CG,COG,RBA,African Group,Africa,,,,,,Yes,Yes
Cook Islands,CK,COK,RBAP,Asia-Pacific Group,Asia Pacific,,Yes,,,,yes,Yes
Costa Rica,CR,CRI,RBLAC,Latin American and Caribbean Group,Latin America and the Caribbean,,,,Submitted,November,Yes,Yes
Cote d'Ivoire,CI,CIV,RBA,African Group,Africa,,,,Submitted,October,Yes,Yes
Croatia,HR,HRV,n/a,Eastern European Group,n/a,,,,Submitted,November,,
Cuba,CU,CUB,RBLAC,Latin American and Caribbean Group,Latin America and the Caribbean,,Yes,,Submitted,February,Yes,Yes
Cyprus,CY,CYP,n/a,Asia-Pacific Group,n/a,,,,Submitted,November,,
Czech Republic,CZ,CZE,n/a,Eastern European Group,n/a,,,,Submitted,November,,
Denmark,DK,DNK,n/a,Western European and Others Group,n/a,,,,Submitted,November,,
Djibouti,DJ,DJI,RBAS,African Group,Africa,Yes,,,Submitted,September,Support NDC 2.0 (not sure if cannot be considered NDC 3.0),
Dominica,DM,DMA,RBLAC,Latin American and Caribbean Group,Latin America and the Caribbean,,Yes,,,,Yes,Yes
Dominican Republic,DO,DOM,RBLAC,Latin American and Caribbean Group,Latin America and the Caribbean,,Yes,,,,Yes,Yes
DPR Korea,KP,PRK,RBAP,Asia-Pacific Group,Asia Pacific,,,,,,,
Ecuador,EC,ECU,RBLAC,Latin American and Caribbean Group,Latin America and the Caribbean,,,,Submitted,February,Yes,Yes
Egypt,EG,EGY,RBAS,African Group,Africa,,,,,,yes,Yes
El Salvador,SV,SLV,RBLAC,Latin American and Caribbean Group,Latin America and the Caribbean,,,,,,Yes,Yes
Equatorial Guinea,GQ,GNQ,RBA,African Group,Africa,,,,,,Yes,Yes
Eritrea,ER,ERI,RBA,African Group,Africa,Yes,,,,,,
Estonia,EE,EST,n/a,Eastern European Group,Africa,,,,Submitted,November,,
Eswatini (Swaziland),SZ,SWZ,RBA,African Group,Africa,,,,Submitted,September,Yes,Yes
Ethiopia,ET,ETH,RBA,African Group,Africa,Yes,,,Submitted,November,Yes,Yes
European Union,,,n/a,Western European and Others Group,n/a,,,Yes,Submitted,November,,
Fiji,FJ,FJI,RBAP,Asia-Pacific Group,Asia Pacific,,Yes,,Submitted,November,Yes,Yes
Finland,FI,FIN,n/a,Western European and Others Group,n/a,,,,Submitted,November,,
France,FR,FRA,n/a,Western European and Others Group,n/a,,,Yes,Submitted,November,,
Gabon,GA,GAB,RBA,African Group,Africa,,,,,,Yes,Yes
The Gambia,GM,GMB,RBA,African Group,Africa,Yes,,,,,Yes,Yes
Georgia,GE,GEO,RBEC,Eastern European Group,Europe and Central Asia,,,,,,Yes,Yes
Germany,DE,DEU,n/a,Western European and Others Group,n/a,,,Yes,Submitted,November,,
Ghana,GH,GHA,RBA,African Group,Africa,,,,,,Yes,Yes
Greece,GR,GRC,n/a,Western European and Others Group,n/a,,,,Submitted,November,,
Grenada,GD,GRD,RBLAC,Latin American and Caribbean Group,Latin America and the Caribbean,,Yes,,,,,
Guatemala,GT,GTM,RBLAC,Latin American and Caribbean Group,Latin America and the Caribbean,,,,,,Yes,Yes
Guinea,GN,GIN,RBA,African Group,Africa,Yes,,,Submitted,November,Yes,Yes
Guinea-Bissau,GW,GNB,RBA,African Group,Africa,Yes,Yes,,,,Yes,Yes
Guyana,GY,GUY,RBLAC,Latin American and Caribbean Group,Latin America and the Caribbean,,Yes,,,,0,
Haiti,HT,HTI,RBLAC,Latin American and Caribbean Group,Latin America and the Caribbean,Yes,Yes,,,,Yes,Yes
Holy See,VA,VAT,n/a,Western European and Others Group,n/a,,,,Submitted,September,,
Honduras,HN,HND,RBLAC,Latin American and Caribbean Group,Latin America and the Caribbean,,,,,,Yes,Yes
Hungary,HU,HUN,n/a,Eastern European Group,n/a,,,,Submitted,November,,
Iceland,IS,ISL,n/a,Western European and Others Group,n/a,,,,Submitted,November,,
India,IN,IND,RBAP,Asia-Pacific Group,Asia Pacific,,,Yes,,,,
Indonesia,ID,IDN,RBAP,Asia-Pacific Group,Asia Pacific,,,Yes,Submitted,October,Yes,Yes
Iran (Islamic Rep. of),IR,IRN,RBAP,Asia-Pacific Group,Asia Pacific,,,,,,,
Iraq,IQ,IRQ,RBAS,Asia-Pacific Group,Arab States,,,,Submitted,November,Yes,Yes
Ireland,IE,IRL,n/a,Western European and Others Group,n/a,,,,Submitted,November,,
Israel,IL,ISR,n/a,Western European and Others Group,n/a,,,,,,,
Italy,IT,ITA,n/a,Western European and Others Group,n/a,,,Yes,Submitted,November,,
Jamaica,JM,JAM,RBLAC,Latin American and Caribbean Group,Latin America and the Caribbean,,Yes,,Submitted,September,,
Japan,JP,JPN,n/a,Asia-Pacific Group,n/a,,,Yes,Submitted,February,,
Jordan,JO,JOR,RBAS,Asia-Pacific Group,Arab States,,,,,,Yes,Yes
Kazakhstan,KZ,KAZ,RBEC,Asia-Pacific Group,Europe and Central Asia,,,,Submitted,November,Yes,Yes
Kenya,KE,KEN,RBA,African Group,Africa,,,,Submitted,April,,
Kiribati,KI,KIR,RBAP,Asia-Pacific Group,Asia Pacific,Yes,Yes,,,,,
Korea (Rep. of),KR,KOR,RBAP,Asia-Pacific Group,n/a,,,Yes,,,,
Kuwait,KW,KWT,RBAS,Asia-Pacific Group,Arab States,,,,,,,
Kyrgyz Republic,KG,KGZ,RBEC,Asia-Pacific Group,Europe and Central Asia,,,,Submitted,October,Yes,Yes
Lao PDR,LA,LAO,RBAP,Asia-Pacific Group,Asia Pacific,Yes,,,,,Yes,Yes
Latvia,LV,LVA,n/a,Eastern European Group,n/a,,,,Submitted,November,,
Lebanon,LB,LBN,RBAS,Asia-Pacific Group,Arab States,,,,Submitted,September,Yes,Yes
Lesotho,LS,LSO,RBA,African Group,Africa,Yes,,,,,,
Liberia,LR,LBR,RBA,African Group,Africa,Yes,,,Submitted,September,Yes,Yes
Libya,LY,LBY,RBAS,African Group,Africa,,,,,,Yes (first NDC but potentially considered NDC 3.0),Yes
Liechtenstein,LI,LIE,n/a,Western European and Others Group,n/a,,,,Submitted,September,,
Lithuania,LT,LTU,n/a,Eastern European Group,n/a,,,,Submitted,November,,
Luxembourg,LU,LUX,n/a,Western European and Others Group,n/a,,,,Submitted,November,,
Madagascar,MG,MDG,RBA,African Group,Africa,Yes,,,,,,
Malawi,MW,MWI,RBA,African Group,Africa,Yes,,,,,Yes,Yes
Malaysia,MY,MYS,RBAP,Asia-Pacific Group,Asia Pacific,,,,Submitted,October,Yes,Yes
Maldives,MV,MDV,RBAP,Asia-Pacific Group,Asia Pacific,,Yes,,Submitted,February,,
Mali,ML,MLI,RBA,African Group,Africa,Yes,,,,,Yes,Yes
Malta,MT,MLT,n/a,Western European and Others Group,n/a,,,,Submitted,November,,
Marshall Islands (Rep. of),MH,MHL,RBAP,Asia-Pacific Group,Asia Pacific,,Yes,,Submitted,February,,
Mauritania,MR,MRT,RBA,African Group,Africa,Yes,,,Submitted,October,yes,Yes
Mauritius,MU,MUS,RBA,African Group,Africa,,Yes,,Submitted,November,,
Mexico,MX,MEX,RBLAC,Latin American and Caribbean Group,Latin America and the Caribbean,,,Yes,Submitted,November,Yes,Yes
Micronesia (Federated States of),FM,FSM,RBAP,Asia-Pacific Group,Asia Pacific,,Yes,,Submitted,September,,
Moldova (Rep. of),MD,MDA,RBEC,Eastern European Group,Europe and Central Asia,,,,Submitted,May,yes,Yes
Monaco,MC,MCO,n/a,Western European and Others Group,n/a,,,,Submitted,July,,
Mongolia,MN,MNG,RBAP,Asia-Pacific Group,Asia Pacific,,,,Submitted,September,Yes,Yes
Montenegro,ME,MNE,RBEC,Eastern European Group,Europe and Central Asia,,,,Submitted,February,Yes,Yes
Morocco,MA,MAR,RBAS,African Group,Africa,,,,Submitted,September,,
Mozambique,MZ,MOZ,RBA,African Group,Africa,Yes,,,Submitted,November,Yes,Yes
Myanmar,MM,MMR,RBAP,Asia-Pacific Group,Asia Pacific,Yes,,,,,,
Namibia,NA,NAM,RBA,African Group,Africa,,,,,,Yes,Yes
Nauru,NR,NRU,RBAP,Asia-Pacific Group,Asia Pacific,,Yes,,,,,
Nepal,NP,NPL,RBAP,Asia-Pacific Group,Asia Pacific,Yes,,,Submitted,May,Yes,Yes
Netherlands,NL,NLD,n/a,Western European and Others Group,n/a,,,,Submitted,November,,
New Zealand,NZ,NZL,n/a,Western European and Others Group,n/a,,,,Submitted,January,,
Nicaragua,NI,NIC,n/a,Latin American and Caribbean Group,Latin America and the Caribbean,,,,Submitted,September,,
Niger,NE,NER,RBA,African Group,Africa,Yes,,,,,,
Nigeria,NG,NGA,RBA,African Group,Africa,,,,Submitted,September,Yes,Yes
Niue,NU,NIU,RBAP,Asia-Pacific Group,Asia Pacific,,Yes,,Submitted,July,Yes,Yes
North Macedonia (Rep. of),MK,MKD,RBEC,Eastern European Group,Europe and Central Asia,,,,,,yes,Yes
Norway,NO,NOR,n/a,Western European and Others Group,n/a,,,,Submitted,June,,
Oman,OM,OMN,n/a,Asia-Pacific Group,n/a,,,,,,,
Pakistan,PK,PAK,RBAP,Asia-Pacific Group,Asia Pacific,,,,Submitted,September,Yes,Yes
Palau,PW,PLW,RBAP,Asia-Pacific Group,Asia Pacific,,Yes,,,,,
Palestine (State of),PS,PSE,RBAS,n/a,Arab States,,,,,,Yes,Yes
Panama,PA,PAN,RBLAC,Latin American and Caribbean Group,Latin America and the Caribbean,,,,Submitted,November,Yes,Yes
Papua New Guinea,PG,PNG,RBAP,Asia-Pacific Group,Asia Pacific,,Yes,,,,Yes,Yes
Paraguay,PY,PRY,RBLAC,Latin American and Caribbean Group,Latin America and the Caribbean,,,,Submitted,November,Yes,Yes
Peru,PE,PER,RBLAC,Latin American and Caribbean Group,Latin America and the Caribbean,,,,Submitted,November,Yes,Yes
Philippines,PH,PHL,RBAP,Asia-Pacific Group,Asia Pacific,,,,,,yes,Yes
Poland,PL,POL,n/a,Eastern European Group,n/a,,,,Submitted,November,,
Portugal,PT,PRT,n/a,Western European and Others Group,n/a,,,,Submitted,November,,
Qatar,QA,QAT,n/a,Asia-Pacific Group,n/a,,,,Submitted,November,,
Romania,RO,ROU,n/a,Eastern European Group,n/a,,,,Submitted,November,,
Russian Federation,RU,RUS,n/a,Eastern European Group,n/a,,,Yes,Submitted,September,,
Rwanda,RW,RWA,RBA,African Group,Africa,Yes,,,Submitted,November,yes,Yes
Saint Kitts and Nevis,KN,KNA,RBLAC,Latin American and Caribbean Group,Latin America and the Caribbean,,Yes,,,,,
Saint Lucia,LC,LCA,RBLAC,Latin American and Caribbean Group,Latin America and the Caribbean,,Yes,,Submitted,February,Yes,Yes
Saint Vincent & the Grenadines,VC,VCT,RBLAC,Latin American and Caribbean Group,Latin America and the Caribbean,,Yes,,,,Support NDC 2.0,
Samoa,WS,WSM,RBAP,Asia-Pacific Group,Asia Pacific,,Yes,,,,Yes,Yes
San Marino,SM,SMR,n/a,Western European and Others Group,n/a,,,,,,,
Sao Tome and Principe,ST,STP,RBA,African Group,Africa,,Yes,,Submitted,September,Yes,Yes
Saudi Arabia,SA,SAU,RBAS,Asia-Pacific Group,Arab States,,,Yes,,,,
Senegal,SN,SEN,RBA,African Group,Africa,Yes,,,,,yes,Yes
Serbia,RS,SRB,RBEC,Eastern European Group,Europe and Central Asia,,,,Submitted,September,yes,Yes
Seychelles,SC,SYC,RBA,African Group,Africa,,Yes,,Submitted,September,Yes,Yes
Sierra Leone,SL,SLE,RBA,African Group,Africa,Yes,,,Submitted,December,,
Singapore,SG,SGP,RBAP,Asia-Pacific Group,Asia Pacific,,Yes,,Submitted,February,,
Slovakia,SK,SVK,n/a,Eastern European Group,n/a,,,,Submitted,November,,
Slovenia,SI,SVN,n/a,Eastern European Group,n/a,,,,Submitted,November,,
Solomon Islands,SB,SLB,RBAP,Asia-Pacific Group,Asia Pacific,Yes,Yes,,Submitted,August,,Yes
Somalia,SO,SOM,RBAS,African Group,Africa,Yes,,,Submitted,June,Yes,Yes
South Africa,ZA,ZAF,RBA,African Group,Africa,,,Yes,Submitted,October,Yes,Yes
South Sudan,SS,SSD,RBA,African Group,Africa,Yes,,,,,,
Spain,ES,ESP,n/a,Western European and Others Group,n/a,,,,Submitted,November,,
Sri Lanka,LK,LKA,RBAP,Asia-Pacific Group,Asia Pacific,,,,Submitted,September,Yes,Yes
Sudan,SD,SDN,RBAS,African Group,Africa,Yes,,,,,Yes (Pipeline),Yes
Suriname,SR,SUR,RBLAC,Latin American and Caribbean Group,Latin America and the Caribbean,,Yes,,Submitted,November,Yes,Yes
Sweden,SE,SWE,n/a,Western European and Others Group,n/a,,,,Submitted,November,,
Switzerland,CH,CHE,n/a,Western European and Others Group,n/a,,,,Submitted,January,,
Syrian Arab Republic,SY,SYR,RBAS,Asia-Pacific Group,Arab States,,,,,,,
Tajikistan,TJ,TJK,RBEC,Asia-Pacific Group,Europe and Central Asia,,,,,,Yes,Yes
Tanzania (United Rep. of),TZ,TZA,RBA,African Group,Africa,Yes,,,,,Yes,Yes
Thailand,TH,THA,RBAP,Asia-Pacific Group,Asia Pacific,,,,Submitted,September,Yes,Yes
Timor-Leste,TL,TLS,RBAP,Asia-Pacific Group,Asia Pacific,Yes,Yes,,,,Yes,Yes
Togo,TG,TGO,RBA,African Group,Africa,Yes,,,,,Yes,Yes
Tonga,TO,TON,RBAP,Asia-Pacific Group,Asia Pacific,,Yes,,Submitted,September,,
Trinidad and Tobago,TT,TTO,RBLAC,Latin American and Caribbean Group,Latin America and the Caribbean,,Yes,,,,Yes,Yes
Tunisia,TN,TUN,RBAS,African Group,Africa,,,,,,Yes,Yes
Turkiye,TR,TUR,RBEC,Western European and Others Group,Europe and Central Asia,,,Yes,Submitted,November,Yes,Yes
Turkmenistan,TM,TKM,RBEC,Asia-Pacific Group,Europe and Central Asia,,,,,,Yes,Yes
Tuvalu,TV,TUV,RBAP,Asia-Pacific Group,Asia Pacific,Yes,Yes,,Submitted,September,,
Uganda,UG,UGA,RBA,African Group,Africa,Yes,,,,,Yes,Yes
UK,GB,GBR,n/a,Western European and Others Group,n/a,,,Yes,Submitted,January,,
Ukraine,UA,UKR,RBEC,Eastern European Group,Europe and Central Asia,,,,Submitted,November,yes,Yes
United Arab Emirates,AE,ARE,RBAS,Asia-Pacific Group,Arab States,,,,Submitted,November 2024,,
Uruguay,UY,URY,RBLAC,Latin American and Caribbean Group,Latin America and the Caribbean,,,,Submitted,December 2024,yes,Yes
USA,US,USA,n/a,Western European and Others Group,n/a,,,Yes,Submitted,December 2024,,
Uzbekistan,UZ,UZB,RBEC,Asia-Pacific Group,Europe and Central Asia,,,,Submitted,November,Yes,Yes
Vanuatu,VU,VUT,RBAP,Asia-Pacific Group,Asia Pacific,,Yes,,Submitted,September,0,Yes
Venezuela (Bolivarian Rep. of),VE,VEN,RBLAC,Latin American and Caribbean Group,Latin America and the Caribbean,,,,Submitted,October,,
Viet Nam,VN,VNM,RBAP,Asia-Pacific Group,Asia Pacific,,,,,,Yes,Yes
Yemen,YE,YEM,RBAS,Asia-Pacific Group,Arab States,Yes,,,Submitted,November,,
Zambia,ZM,ZMB,RBA,African Group,Africa,Yes,,,Submitted,October,Yes,Yes
Zimbabwe,ZW,ZWE,RBA,African Group,Africa,,,,Submitted,February,Yes,Yes
